[{"title":"去掉数组中的最大值,求剩下值的和","date":"2018-07-13T06:13:25.000Z","path":"2018/07/13/1807131414/","tags":[{"name":"小技巧","slug":"小技巧","permalink":"http://yoursite.com/tags/小技巧/"}]},{"title":"二维数组排序去最大值的ID","date":"2018-07-13T06:08:57.000Z","path":"2018/07/13/1807131408/","tags":[{"name":"小技巧","slug":"小技巧","permalink":"http://yoursite.com/tags/小技巧/"}]},{"title":"字符串里取数字","date":"2018-07-13T06:02:03.000Z","path":"2018/07/13/1807131401/","tags":[{"name":"小技巧","slug":"小技巧","permalink":"http://yoursite.com/tags/小技巧/"}]},{"title":"javascript之函数篇","date":"2018-06-22T02:20:00.000Z","path":"2018/06/22/1806221020/","tags":[{"name":"js","slug":"js","permalink":"http://yoursite.com/tags/js/"}]},{"title":"我来了 Hexo， 你好！","date":"2018-06-22T02:17:46.871Z","path":"2018/06/22/hello-hexo/","tags":[{"name":"Testing","slug":"Testing","permalink":"http://yoursite.com/tags/Testing/"}]},{"title":"windows 给文件夹起别名","date":"2018-05-13T10:58:00.000Z","path":"2018/05/13/1805131857/","tags":[{"name":"小技巧","slug":"小技巧","permalink":"http://yoursite.com/tags/小技巧/"}]},{"title":"Terminal 一个十分神奇的插件","date":"2018-05-12T14:03:46.000Z","path":"2018/05/12/1805122203/","tags":[{"name":"小技巧","slug":"小技巧","permalink":"http://yoursite.com/tags/小技巧/"}]},{"title":"将sublime添加到鼠标右键菜单中","date":"2018-05-12T06:43:08.000Z","path":"2018/05/12/1805121443/","tags":[{"name":"小技巧","slug":"小技巧","permalink":"http://yoursite.com/tags/小技巧/"}]},{"title":"奇怪的BUG","date":"2018-05-12T00:00:00.000Z","path":"2018/05/12/bug/","tags":[{"name":"bug","slug":"bug","permalink":"http://yoursite.com/tags/bug/"}]}]